{
  "statistics": {
    "total_evaluations": 2,
    "avg_context_relevance": 0.3125971250971251,
    "avg_groundedness": 0.5,
    "avg_answer_relevance": 0.8025,
    "avg_overall_score": 0.5345291375291374,
    "avg_evaluation_time": 0.0001430511474609375
  },
  "results": [
    {
      "query": "What is Python?",
      "contexts_count": 3,
      "answer_length": 205,
      "context_relevance": 0.29186091686091686,
      "groundedness": 0.5,
      "answer_relevance": 0.78,
      "overall_score": 0.521558275058275,
      "evaluation_time": 0.00024008750915527344,
      "timestamp": 1762336894.327151
    },
    {
      "query": "How to reverse a string in Python?",
      "contexts_count": 2,
      "answer_length": 109,
      "context_relevance": 0.3333333333333333,
      "groundedness": 0.5,
      "answer_relevance": 0.825,
      "overall_score": 0.5475,
      "evaluation_time": 4.601478576660156e-05,
      "timestamp": 1762336894.327204
    }
  ]
}